{
  "backtest_results": {
    "net_return": -2.8998404469008764e-05,
    "max_drawdown": 4.27757387975753,
    "profit_factor": 0.9605008553008809,
    "win_rate": 55.26315789473685,
    "expectancy": -0.007631159070791781,
    "trade_count": 38,
    "sharpe_ratio": 0,
    "max_consecutive_losses": 99,
    "failure_reasons": [],
    "resource_usage": {
      "execution_time_ms": 13,
      "memory_peak_mb": 0.029793739318847656,
      "cpu_avg_pct": 0
    }
  },
  "walk_forward": {
    "windows_profitable": 1,
    "degradation_pct": 234.5513979838146
  }
}