{
  "backtest_results": {
    "net_return": -0.002413230638044833,
    "max_drawdown": 23.347426842953812,
    "profit_factor": 0.5233110694237852,
    "win_rate": 42.14876033057851,
    "expectancy": -0.1994405485987465,
    "trade_count": 121,
    "sharpe_ratio": 0,
    "max_consecutive_losses": 99,
    "failure_reasons": [],
    "resource_usage": {
      "execution_time_ms": 17,
      "memory_peak_mb": 0.04928779602050781,
      "cpu_avg_pct": 0
    }
  },
  "walk_forward": {
    "windows_profitable": 1,
    "degradation_pct": -73.82769856529546
  }
}