{
  "backtest_results": {
    "net_return": -0.0013867511712858855,
    "max_drawdown": 14.985556803620764,
    "profit_factor": 0.6015332367274554,
    "win_rate": 45.16129032258064,
    "expectancy": -0.14911302917052532,
    "trade_count": 93,
    "sharpe_ratio": 0,
    "max_consecutive_losses": 99,
    "failure_reasons": [],
    "resource_usage": {
      "execution_time_ms": 25,
      "memory_peak_mb": 0.07381916046142578,
      "cpu_avg_pct": 0
    }
  },
  "walk_forward": {
    "windows_profitable": 1,
    "degradation_pct": -32.61761661862582
  }
}