{
  "backtest_results": {
    "net_return": -0.0005054903185249427,
    "max_drawdown": 8.987049779641511,
    "profit_factor": 0.6047835823431548,
    "win_rate": 36.0,
    "expectancy": -0.10109806370498854,
    "trade_count": 50,
    "sharpe_ratio": 0,
    "max_consecutive_losses": 99,
    "failure_reasons": [],
    "resource_usage": {
      "execution_time_ms": 13,
      "memory_peak_mb": 0.029905319213867188,
      "cpu_avg_pct": 0
    }
  },
  "walk_forward": {
    "windows_profitable": 2,
    "degradation_pct": 105.83494269828617
  }
}