{
  "backtest_results": {
    "net_return": -0.002261978992779083,
    "max_drawdown": 21.869401225150135,
    "profit_factor": 0.5453283038453162,
    "win_rate": 44.166666666666664,
    "expectancy": -0.1884982493982569,
    "trade_count": 120,
    "sharpe_ratio": 0,
    "max_consecutive_losses": 99,
    "failure_reasons": [],
    "resource_usage": {
      "execution_time_ms": 21,
      "memory_peak_mb": 0.046478271484375,
      "cpu_avg_pct": 0
    }
  },
  "walk_forward": {
    "windows_profitable": 2,
    "degradation_pct": 233.69959334651847
  }
}