{
  "backtest_results": {
    "net_return": -0.0013653529553065114,
    "max_drawdown": 15.046239002103166,
    "profit_factor": 0.6181262353191986,
    "win_rate": 45.56962025316456,
    "expectancy": -0.17282948801348247,
    "trade_count": 79,
    "sharpe_ratio": 0,
    "max_consecutive_losses": 99,
    "failure_reasons": [],
    "resource_usage": {
      "execution_time_ms": 21,
      "memory_peak_mb": 0.031890869140625,
      "cpu_avg_pct": 0
    }
  },
  "walk_forward": {
    "windows_profitable": 2,
    "degradation_pct": 68.41362500483771
  }
}