{
  "backtest_results": {
    "net_return": -0.00021116184845699395,
    "max_drawdown": 3.8820376050931102,
    "profit_factor": 0.580867682977966,
    "win_rate": 37.5,
    "expectancy": -0.08798410352374748,
    "trade_count": 24,
    "sharpe_ratio": 0,
    "max_consecutive_losses": 99,
    "failure_reasons": [],
    "resource_usage": {
      "execution_time_ms": 12,
      "memory_peak_mb": 0.029890060424804688,
      "cpu_avg_pct": 0
    }
  },
  "walk_forward": {
    "windows_profitable": 1,
    "degradation_pct": 124.30973427558662
  }
}