{
  "backtest_results": {
    "net_return": -0.002297429383494454,
    "max_drawdown": 23.25803653981073,
    "profit_factor": 0.5461854583531944,
    "win_rate": 42.14876033057851,
    "expectancy": -0.18987019698301275,
    "trade_count": 121,
    "sharpe_ratio": 0,
    "max_consecutive_losses": 99,
    "failure_reasons": [],
    "resource_usage": {
      "execution_time_ms": 18,
      "memory_peak_mb": 0.04673194885253906,
      "cpu_avg_pct": 0
    }
  },
  "walk_forward": {
    "windows_profitable": 1,
    "degradation_pct": -73.57963399257446
  }
}