{
  "backtest_results": {
    "net_return": -0.001031018281286566,
    "max_drawdown": 19.856386843282472,
    "profit_factor": 0.7024783831556796,
    "win_rate": 44.0,
    "expectancy": -0.1031018281286566,
    "trade_count": 100,
    "sharpe_ratio": 0,
    "max_consecutive_losses": 99,
    "failure_reasons": [],
    "resource_usage": {
      "execution_time_ms": 21,
      "memory_peak_mb": 0.03914070129394531,
      "cpu_avg_pct": 0
    }
  },
  "walk_forward": {
    "windows_profitable": 3,
    "degradation_pct": -8.603799017521213
  }
}