{
  "backtest_results": {
    "net_return": -0.0028969598418511332,
    "max_drawdown": 26.898801638037966,
    "profit_factor": 0.5516606354782518,
    "win_rate": 40.88050314465409,
    "expectancy": -0.18219873219189517,
    "trade_count": 159,
    "sharpe_ratio": 0,
    "max_consecutive_losses": 99,
    "failure_reasons": [],
    "resource_usage": {
      "execution_time_ms": 19,
      "memory_peak_mb": 0.06089973449707031,
      "cpu_avg_pct": 0
    }
  },
  "walk_forward": {
    "windows_profitable": 1,
    "degradation_pct": -77.50520213129508
  }
}