{
  "backtest_results": {
    "net_return": -0.002261978992779083,
    "max_drawdown": 21.869401225150135,
    "profit_factor": 0.5453283038453162,
    "win_rate": 44.166666666666664,
    "expectancy": -0.1884982493982569,
    "trade_count": 120,
    "sharpe_ratio": 0,
    "max_consecutive_losses": 99,
    "failure_reasons": [],
    "resource_usage": {
      "execution_time_ms": 17,
      "memory_peak_mb": 0.04639434814453125,
      "cpu_avg_pct": 0
    }
  },
  "walk_forward": {
    "windows_profitable": 1,
    "degradation_pct": -57.63754609346567
  }
}